artistName,albumName,albumCover,releaseDate,trackNumber
Pitbull,Libertad 548,https://i.scdn.co/image/ab67616d0000b273f0dd8e557b66318ea8e6978d,2019-09-27,15
Pitbull,Gotti (Original Motion Picture Soundtrack),https://i.scdn.co/image/ab67616d0000b273bfb673e097b39939d6f91874,2018-06-14,19
Pitbull,Sunbeam (feat. Pitbull),https://i.scdn.co/image/ab67616d0000b2737c58a04b13859fc46b205fc3,2017-10-18,8
Pitbull,Sparks Fly (feat. Pitbull),https://i.scdn.co/image/ab67616d0000b273d48cb934224a3f13586ef1a5,2017-08-16,7
Pitbull,Climate Change,https://i.scdn.co/image/ab67616d0000b273847d47b2d33517f0e8b2b958,2017-03-17,12
Pitbull,Climate Change,https://i.scdn.co/image/ab67616d0000b273126eadde9c041f501ea1a73e,2017-03-17,12
Pitbull,Dale,https://i.scdn.co/image/ab67616d0000b273ca6dc07b396179309abbbad0,2015-08-05,12
Pitbull,Dale,https://i.scdn.co/image/ab67616d0000b273a1cc249569898d31407fcf7c,2015-07-17,12
Pitbull,Dale,https://i.scdn.co/image/ab67616d0000b27361fd3efe3692e389a9dd09bf,2015-06-30,12
Pitbull,Globalization,https://i.scdn.co/image/ab67616d0000b273d5664fc5db180225b7107f70,2014-11-26,13
Pitbull,Globalization,https://i.scdn.co/image/ab67616d0000b2731e340d1480e7bb29a45e3bd7,2014-11-21,11
Pitbull,Globalization,https://i.scdn.co/image/ab67616d0000b273a586c00a9a8358bb3d091f6b,2014-11-21,11
Pitbull,Global Warming: Meltdown (Deluxe Version),https://i.scdn.co/image/ab67616d0000b273ceddedb12a26f6ae2ffa9481,2013-12-18,22
Pitbull,Global Warming,https://i.scdn.co/image/ab67616d0000b273f6779262353e18f48c014c81,2012-11-28,17
Pitbull,Global Warming (Deluxe Version),https://i.scdn.co/image/ab67616d0000b27380cd8c2bbe69d0f5f9e7a044,2012-11-19,23
Pitbull,Global Warming (Deluxe Version),https://i.scdn.co/image/ab67616d0000b2736fcb24347773605819a6fd87,2012-11-19,16
Pitbull,Global Warming (Deluxe Version),https://i.scdn.co/image/ab67616d0000b273ec6a82c9af7caeee644e903c,2012-11-19,16
Pitbull,Global Warming (Deluxe Version),https://i.scdn.co/image/ab67616d0000b273f575130838bc98c4f2b17312,2012-11-19,16
Pitbull,Global Warming,https://i.scdn.co/image/ab67616d0000b2732c5b24ecfa39523a75c993c4,2012-11-16,18
Pitbull,Global Warming (Deluxe Version),https://i.scdn.co/image/ab67616d0000b27325db40beef246f7a47890334,2012-11-16,23
Future,I NEVER LIKED YOU,https://i.scdn.co/image/ab67616d0000b2737e83b7d94b668d9ea94fe7ec,2022-05-02,22
Future,I NEVER LIKED YOU,https://i.scdn.co/image/ab67616d0000b27386badd635b69aea887862214,2022-04-29,16
Future,I NEVER LIKED YOU,https://i.scdn.co/image/ab67616d0000b273bb7e16840d52d7a8380cd308,2022-04-28,22
Future,I NEVER LIKED YOU,https://i.scdn.co/image/ab67616d0000b2732ae6b8b2f7af8d8bb442b151,2022-04-27,16
Future,Pluto x Baby Pluto (Deluxe),https://i.scdn.co/image/ab67616d0000b2738efe5b8d9a3544b98aa6a85e,2020-11-13,24
Future,Pluto x Baby Pluto,https://i.scdn.co/image/ab67616d0000b27357928e0363878a71692e6a1f,2020-11-13,16
Future,Pluto x Baby Pluto (Deluxe),https://i.scdn.co/image/ab67616d0000b27319be1f7ca66fa5f2a70ab802,2020-11-12,24
Future,Pluto x Baby Pluto,https://i.scdn.co/image/ab67616d0000b2739e3502f1aa68ba377f5032c8,2020-11-12,16
Future,High Off Life,https://i.scdn.co/image/ab67616d0000b273935d8d5369bc55e74a39303e,2020-05-15,21
Future,High Off Life,https://i.scdn.co/image/ab67616d0000b273a40a5fd6c07a612e9930045b,2020-05-14,21
Future,SAVE ME,https://i.scdn.co/image/ab67616d0000b2735cd6070603a9f2e5dcb01d0c,2019-06-07,7
Future,SAVE ME,https://i.scdn.co/image/ab67616d0000b273bd2983247446da211b36bc9d,2019-06-07,7
Future,Future Hndrxx Presents: The WIZRD,https://i.scdn.co/image/ab67616d0000b273e111437ad4fd3f50c8461ec5,2019-01-18,20
Future,Future Hndrxx Presents: The WIZRD,https://i.scdn.co/image/ab67616d0000b273da4aa4a30874bf6af4af511b,2019-01-18,20
Future,Future & Juice WRLD Present... WRLD ON DRUGS,https://i.scdn.co/image/ab67616d0000b273644c510e8d4c02ae69028297,2018-10-19,16
Future,Future & Juice WRLD Present... WRLD ON DRUGS,https://i.scdn.co/image/ab67616d0000b273510bc4c21fe25e26a4ac526e,2018-10-19,16
Future,BEASTMODE 2,https://i.scdn.co/image/ab67616d0000b273c64062196630be5cee367ee8,2018-07-06,9
Future,BEASTMODE 2,https://i.scdn.co/image/ab67616d0000b27305ebf82a98e433c67c5b3f91,2018-07-06,9
Future,SUPERFLY (Original Motion Picture Soundtrack),https://i.scdn.co/image/ab67616d0000b273553162a7641ebb0aac36a90a,2018-06-15,23
Future,SUPER SLIMEY,https://i.scdn.co/image/ab67616d0000b2731bfeb9d8a84bcd75650b767b,2017-10-22,13
Justin-Beiber,Justice (The Complete Edition),https://i.scdn.co/image/ab67616d0000b2730cad1d28e91209690bdfb907,2021-10-08,25
Justin-Beiber,Justice (The Complete Edition),https://i.scdn.co/image/ab67616d0000b2732dd4230bdcdfbc87c1ebc8b7,2021-10-08,25
Justin-Beiber,Justice (Triple Chucks Deluxe),https://i.scdn.co/image/ab67616d0000b273a01fed49fe3a84a9919cef29,2021-03-26,22
Justin-Beiber,Justice (Triple Chucks Deluxe),https://i.scdn.co/image/ab67616d0000b2739f05db24a0ce9b5d02b87408,2021-03-26,22
Justin-Beiber,Justice,https://i.scdn.co/image/ab67616d0000b273e6f407c7f3a0ec98845e4431,2021-03-19,16
Justin-Beiber,Justice,https://i.scdn.co/image/ab67616d0000b2736036cfd2a718036fc523855f,2021-03-19,16
Justin-Beiber,Changes,https://i.scdn.co/image/ab67616d0000b2737fe4a82a08c4f0decbeddbc6,2020-02-14,17
Justin-Beiber,Purpose (Deluxe),https://i.scdn.co/image/ab67616d0000b273f46b9d202509a8f7384b90de,2015-11-13,19
Justin-Beiber,Purpose (Deluxe),https://i.scdn.co/image/ab67616d0000b273bc805943adb4adde1555b130,2015-11-13,19
Justin-Beiber,Journals,https://i.scdn.co/image/ab67616d0000b27358ae8fddecbd2630005409c9,2014-05-13,16
Justin-Beiber,Journals,https://i.scdn.co/image/ab67616d0000b273aac2a4189ed89b369c539df6,2014-05-13,15
Justin-Beiber,Journals,https://i.scdn.co/image/ab67616d0000b27386b35d0bfa6bbceed7541a3d,2013-01-01,15
Justin-Beiber,Believe Acoustic,https://i.scdn.co/image/ab67616d0000b273892e9f9e3ad986310334a3d7,2013-01-01,11
Justin-Beiber,Believe Acoustic,https://i.scdn.co/image/ab67616d0000b27347a09610fbdadcba48b8fa9e,2013-01-01,11
Justin-Beiber,Believe (Deluxe Edition),https://i.scdn.co/image/ab67616d0000b2736c20c4638a558132ba95bc39,2012-06-15,17
Justin-Beiber,Believe,https://i.scdn.co/image/ab67616d0000b273f1d02a6cec967f8b6b78f76e,2012-01-01,13
Justin-Beiber,Believe (Deluxe Edition),https://i.scdn.co/image/ab67616d0000b273c8b3234ca56b40e5be87e35d,2012-01-01,16
Justin-Beiber,Never Say Never - The Remixes,https://i.scdn.co/image/ab67616d0000b27309a72c3863c3f55d4a27445e,2011-01-01,7
Justin-Beiber,Never Say Never - The Remixes,https://i.scdn.co/image/ab67616d0000b27349130b16d4190db1d6822e59,2011-01-01,7
Justin-Beiber,Under The Mistletoe,https://i.scdn.co/image/ab67616d0000b273b35cf57acf426c4245f1703c,2011-01-01,11
Miranda-Lambert,Palomino,https://i.scdn.co/image/ab67616d0000b27326a42f39c97c3263fb0d07ad,2022-04-29,15
Miranda-Lambert,The Marfa Tapes,https://i.scdn.co/image/ab67616d0000b273dab04c8819290fd2c8b7e729,2021-05-07,15
Miranda-Lambert,Wildcard,https://i.scdn.co/image/ab67616d0000b273753e552f06e10a4987ea455b,2019-11-01,14
Miranda-Lambert,Interstate Gospel,https://i.scdn.co/image/ab67616d0000b273be6739b806a38a50af5ad04e,2018-11-02,14
Miranda-Lambert,The Weight of These Wings,https://i.scdn.co/image/ab67616d0000b27357853d228f4dcdbb08df7a9c,2016-11-18,24
Miranda-Lambert,Platinum,https://i.scdn.co/image/ab67616d0000b27377e9a2078bad0d1abb644135,2014-06-02,16
Miranda-Lambert,Annie Up,https://i.scdn.co/image/ab67616d0000b273b8978af12f949f78c50bb553,2013-05-07,12
Miranda-Lambert,Four The Record,https://i.scdn.co/image/ab67616d0000b27303edd2321a6b59894b34848e,2011-11-01,14
Miranda-Lambert,Hell On Heels,https://i.scdn.co/image/ab67616d0000b2733bce1459f96603e8972371e6,2011-08-23,10
Miranda-Lambert,Miranda Lambert - Revolution - 2011 Limited Edition Australian Tour Pack,https://i.scdn.co/image/ab67616d0000b273ac7dcc7bc36e71cc4b5ea3f8,2011-02-18,22
Miranda-Lambert,Revolution,https://i.scdn.co/image/ab67616d0000b273c771f702f64d760b1be4f2be,2009-09-24,15
Miranda-Lambert,Crazy Ex-Girlfriend,https://i.scdn.co/image/ab67616d0000b273abedf083d99c14a5f36a1348,2007-05-01,12
Miranda-Lambert,Kerosene,https://i.scdn.co/image/ab67616d0000b27328d0bb77e4e6a059e2d85d28,2005,12
Miranda-Lambert,Actin' Up,https://i.scdn.co/image/ab67616d0000b2733fe7ff4c1ad2935ba198679a,2022-04-07,1
Miranda-Lambert,Strange,https://i.scdn.co/image/ab67616d0000b27332965c4399fa75ea68933e17,2022-03-10,1
Miranda-Lambert,Y'all Means All (from Season 6 of Queer Eye),https://i.scdn.co/image/ab67616d0000b273c565fcfb58813c6203dda5eb,2021-12-31,1
Miranda-Lambert,If I Was a Cowboy,https://i.scdn.co/image/ab67616d0000b2737cd3984de0c6da4e63384610,2021-10-15,1
Miranda-Lambert,Drunk (And I Don't Wanna Go Home) [Acoustic],https://i.scdn.co/image/ab67616d0000b273b4ac9d3fb3e24f9746500f52,2021-09-10,1
Miranda-Lambert,Tequila Does (Remix),https://i.scdn.co/image/ab67616d0000b273015cc0a531e0c7727ad8539d,2021-07-02,1
Miranda-Lambert,They've Closed Down the Honky Tonks,https://i.scdn.co/image/ab67616d0000b273f12ae2223af10ff43cc885c4,2021-05-18,1
Ava-Max,Heaven & Hell,https://i.scdn.co/image/ab67616d0000b2739a95e89d24214b94de36ccf7,2020-09-18,16
Ava-Max,Maybe You’re The Problem,https://i.scdn.co/image/ab67616d0000b2730d04f9f90f0bb0788357f4c6,2022-04-28,1
Ava-Max,The Motto (Remixes),https://i.scdn.co/image/ab67616d0000b27337c292068b6b893a24e12929,2022-03-25,5
Ava-Max,The Motto (Nathan Dawe Remix),https://i.scdn.co/image/ab67616d0000b273aaa3bb8d51a619f8877f697a,2022-03-11,2
Ava-Max,The Motto (Robin Schulz Remix),https://i.scdn.co/image/ab67616d0000b273f34cda00a27e436bd1ef1890,2022-02-11,2
Ava-Max,The Motto (Tiësto’s VIP Mix),https://i.scdn.co/image/ab67616d0000b27314450ca454b28c60115a842c,2021-12-17,2
Ava-Max,The Motto,https://i.scdn.co/image/ab67616d0000b2736b64f7a7e0e7af3d604ab41e,2021-11-04,1
Ava-Max,Sad Boy (feat. Ava Max & Kylie Cantrall),https://i.scdn.co/image/ab67616d0000b273b8d4f87e49e73ce99261b508,2021-09-10,1
Ava-Max,EveryTime I Cry (Sigala Remix),https://i.scdn.co/image/ab67616d0000b2731d3138b9c1b8cfd58b944817,2021-07-30,2
Ava-Max,EveryTime I Cry (R3HAB Remix),https://i.scdn.co/image/ab67616d0000b27366c35113bc1d7cc638607b50,2021-07-16,2
Ava-Max,EveryTime I Cry (Pink Panda Remix),https://i.scdn.co/image/ab67616d0000b273c7958402b24251ee33c6dcad,2021-07-06,2
Ava-Max,EveryTime I Cry,https://i.scdn.co/image/ab67616d0000b27393fc5ac4fab909bf00efb02e,2021-06-08,1
Ava-Max,My Head & My Heart (Claptone Remix),https://i.scdn.co/image/ab67616d0000b273ebe0db892f330bf0838c24e7,2021-03-04,1
Ava-Max,My Head & My Heart (Claptone Remix),https://i.scdn.co/image/ab67616d0000b273ec1c8e9d41b42707dde4a429,2021-03-04,1
Ava-Max,My Head & My Heart (Acoustic),https://i.scdn.co/image/ab67616d0000b27315cde4ea1ead313f5cae0296,2021-02-11,2
Ava-Max,My Head & My Heart (Acoustic),https://i.scdn.co/image/ab67616d0000b2739e26d97114935df4e829bc76,2021-02-11,1
Ava-Max,My Head & My Heart,https://i.scdn.co/image/ab67616d0000b27368c08c2b4afb0e2b25140ad9,2021-01-29,1
Ava-Max,My Head & My Heart (Kastra Remix),https://i.scdn.co/image/ab67616d0000b2732d5a77e0f0d26b70ed17129b,2021-01-28,2
Ava-Max,My Head & My Heart (Kastra Remix),https://i.scdn.co/image/ab67616d0000b273c7c3a3f15e305fb74836530a,2021-01-28,1
Ava-Max,My Head & My Heart (Jonas Blue Remix),https://i.scdn.co/image/ab67616d0000b273d6c5553cf086cb94a974ac84,2020-12-10,2
Carla-Morrison,El Renacimiento,https://i.scdn.co/image/ab67616d0000b273aba46939bf43f54114fcb3bf,2022-04-29,11
Carla-Morrison,Amor Supremo (Desnudo),https://i.scdn.co/image/ab67616d0000b27385e420bf4b37a1fb35b0d0d7,2017-06-09,15
Carla-Morrison,Amor Supremo,https://i.scdn.co/image/ab67616d0000b27383a7b03a5d6e7049c860c6b7,2015-11-06,13
Carla-Morrison,Déjenme Llorar (Deluxe Edition),https://i.scdn.co/image/ab67616d0000b2733bdd10e7b3df849e4a3bc928,2014-12-02,24
Carla-Morrison,Déjenme Llorar,https://i.scdn.co/image/ab67616d0000b273f71d5e056a9ac30c68906ebd,2012-03-27,14
Carla-Morrison,Déjenme Llorar,https://i.scdn.co/image/ab67616d0000b2738231959d36ba4aa8441ebd11,2012-03-27,14
Carla-Morrison,Mientras Tú Dormías,https://i.scdn.co/image/ab67616d0000b273ff55da4be76a59cab7b06f9f,2010-10-26,8
Carla-Morrison,Mientras Tú Dormías,https://i.scdn.co/image/ab67616d0000b273c08afed483a481088022917d,2010-10-26,8
Carla-Morrison,Estoy Aquí,https://i.scdn.co/image/ab67616d0000b2737f314635bf74c6a8dec9fe01,2022-02-04,1
Carla-Morrison,Los Cuatro Actos Acústicos,https://i.scdn.co/image/ab67616d0000b273c15bd96e9f8f01e0f5a93a94,2022-01-06,4
Carla-Morrison,Contigo,https://i.scdn.co/image/ab67616d0000b273f43388dd981bc19abd7b04a5,2021-09-28,1
Carla-Morrison,Obra de Arte,https://i.scdn.co/image/ab67616d0000b273fb7e100138987876c9c0acd2,2021-06-17,1
Carla-Morrison,No Me Llames,https://i.scdn.co/image/ab67616d0000b2737a9a418aa908378f6076b1da,2020-10-20,1
Carla-Morrison,Ansiedad,https://i.scdn.co/image/ab67616d0000b2738a2aa103ac849fb4d552c601,2020-09-22,1
Carla-Morrison,Disfruto (Audioiko Remix),https://i.scdn.co/image/ab67616d0000b2739134215925bae1ada6be832c,2020-07-27,1
Carla-Morrison,Desahogo,https://i.scdn.co/image/ab67616d0000b27356192723342b80b360568a7f,2020-06-30,1
Carla-Morrison,Disfruto (Audioiko Remix),https://i.scdn.co/image/ab67616d0000b273e1cf00ee7b9c7c86e0bc2581,2020-06-12,1
Carla-Morrison,Disfruto (Audioiko Remix),https://i.scdn.co/image/ab67616d0000b273cb52cf2bd3910ea05bf66fc4,2020-06-10,1
Carla-Morrison,Disfruto (Audioiko Remix),https://i.scdn.co/image/ab67616d0000b27316e14d584291085ec72bf270,2020-06-10,1
Carla-Morrison,Disfruto (Audioiko Remix),https://i.scdn.co/image/ab67616d0000b2730670be9e73d9fde72cb64b9d,2020-04-10,1
Lil-Tjay,Destined 2 Win,https://i.scdn.co/image/ab67616d0000b273d7d87bf612566d9ee76199d3,2021-04-05,21
Lil-Tjay,Destined 2 Win,https://i.scdn.co/image/ab67616d0000b2735af0305457ff290e06dcc4c2,2021-04-02,21
Lil-Tjay,Destined 2 Win,https://i.scdn.co/image/ab67616d0000b273918ddda4445b00e621d43c3e,2021-03-31,21
Lil-Tjay,State of Emergency,https://i.scdn.co/image/ab67616d0000b2734f221c0104af653803c7572a,2020-05-08,7
Lil-Tjay,State of Emergency,https://i.scdn.co/image/ab67616d0000b273725dac84e3b80c2da18884ba,2020-05-08,7
Lil-Tjay,True 2 Myself,https://i.scdn.co/image/ab67616d0000b273d2fe0b3a495888636cbed083,2019-10-11,17
Lil-Tjay,Goin Up,https://i.scdn.co/image/ab67616d0000b27328fa575fb6fdb49890202ade,2022-04-29,1
Lil-Tjay,In My Head,https://i.scdn.co/image/ab67616d0000b2731e6a9d4ce04b67a455ed6b8c,2022-04-01,1
Lil-Tjay,Vroom - The FaNaTiX,https://i.scdn.co/image/ab67616d0000b273375b7e74671dde8d4c8956db,2022-03-01,1
Lil-Tjay,Elegance (feat. Lil Tjay),https://i.scdn.co/image/ab67616d0000b2737c616b927e31b348f8da7826,2022-02-17,3
Lil-Tjay,Not In The Mood (feat. Fivio Foreign & Kay Flock),https://i.scdn.co/image/ab67616d0000b2735d3f0c9813fbd472618124a3,2021-10-22,1
Lil-Tjay,In Too Deep,https://i.scdn.co/image/ab67616d0000b273c929a219e669c8720a31fc1b,2021-10-08,1
Lil-Tjay,Dreams Unfold,https://i.scdn.co/image/ab67616d0000b273adb5f4f765b65b8d9e693cda,2021-08-25,1
Lil-Tjay,Best Friends 4L (feat. Lil Tjay),https://i.scdn.co/image/ab67616d0000b273117446d2903f85f587b573ec,2021-08-06,1
Lil-Tjay,Best Friends 4L (feat. Lil Tjay),https://i.scdn.co/image/ab67616d0000b2733aad538cbf82a3185f5ba457,2021-08-05,1
Lil-Tjay,Calling My Phone,https://i.scdn.co/image/ab67616d0000b2735fead3083c55648b09d68807,2021-02-10,1
Lil-Tjay,Racin' (feat. Lil Tjay),https://i.scdn.co/image/ab67616d0000b273ed585ace3df6704216bf26ab,2020-08-06,1
Lil-Tjay,Hood Scars 2 (with Lil Tjay),https://i.scdn.co/image/ab67616d0000b273026ede01afb15a4ecf8dd964,2020-06-19,1
Lil-Tjay,Hood Scars 2 (with Lil Tjay),https://i.scdn.co/image/ab67616d0000b2734b23e8506f684c1487e61446,2020-06-19,1
Lil-Tjay,Fade Away,https://i.scdn.co/image/ab67616d0000b273f63100a724b938a500bf896c,2020-04-17,1
beabadoobee,Fake It Flowers,https://i.scdn.co/image/ab67616d0000b273942201cac6bfe1367b017286,2020-10-16,12
beabadoobee,Loveworm (Bedroom Sessions),https://i.scdn.co/image/ab67616d0000b2730194c6ae87ecd5e3bda9e27b,2019-07-08,7
beabadoobee,Loveworm,https://i.scdn.co/image/ab67616d0000b273ceca3ef39ab8f9b59acff394,2019-04-26,7
beabadoobee,Patched Up,https://i.scdn.co/image/ab67616d0000b273fe11583497b2a332995b88ed,2018-12-07,7
beabadoobee,See you Soon,https://i.scdn.co/image/ab67616d0000b27346cad895c840c1f5d4c0e4dc,2022-04-25,1
beabadoobee,iScream,https://i.scdn.co/image/ab67616d0000b27352da18be1e355f60c1cfc966,2022-04-13,1
beabadoobee,Talk,https://i.scdn.co/image/ab67616d0000b2730f36079f1801980c665989b1,2022-03-24,1
beabadoobee,Fall In Love With A Girl (feat. Beabadoobee),https://i.scdn.co/image/ab67616d0000b27386f897961cf6b7a83a55937a,2022-02-25,1
beabadoobee,Silver Into Rain,https://i.scdn.co/image/ab67616d0000b273b8353f671b7f75d88067e381,2022-02-01,1
beabadoobee,Silver Into Rain,https://i.scdn.co/image/ab67616d0000b2736eedd034e55dd7d074e4c3ff,2022-02-01,1
beabadoobee,Our Extended Play,https://i.scdn.co/image/ab67616d0000b273110bbc10d8188cf73b3d336c,2021-06-24,4
beabadoobee,Last Day On Earth,https://i.scdn.co/image/ab67616d0000b273ed2fb894320745f5050cad7d,2021-03-25,1
beabadoobee,Last Day On Earth,https://i.scdn.co/image/ab67616d0000b2730c8d3dd1dd2b93f0b2a9cd80,2021-03-25,1
beabadoobee,Winter Wonderland,https://i.scdn.co/image/ab67616d0000b273be33f5b40e58e7167bf7d673,2020-11-30,1
beabadoobee,Together,https://i.scdn.co/image/ab67616d0000b273521faa79bdde97ddb1186c6d,2020-10-14,1
beabadoobee,How Was Your Day?,https://i.scdn.co/image/ab67616d0000b27306df22f45e9aac2ad40f3ef2,2020-09-29,1
beabadoobee,Worth It,https://i.scdn.co/image/ab67616d0000b2737f783203285538435507f1dc,2020-09-09,1
beabadoobee,Sorry,https://i.scdn.co/image/ab67616d0000b2736c51b86dc858fbf5d5f6fc74,2020-08-06,2
beabadoobee,Care,https://i.scdn.co/image/ab67616d0000b273b694c6e4dd1f247401d758a8,2020-07-15,1
beabadoobee,beabadoobee - ASIA RISING FOREVER,https://i.scdn.co/image/ab67616d0000b2733fdfd1371cfa1ca6c15967ac,2020-07-01,2
Tegan-and-Sara,Still Jealous,https://i.scdn.co/image/ab67616d0000b273abd3685ac4abd01ebe8225f6,2022-02-11,14
Tegan-and-Sara,Tonight in the Dark We're Seeing Colors (Live),https://i.scdn.co/image/ab67616d0000b273fe7169eb739a98f6cf893823,2020-09-26,8
Tegan-and-Sara,Hey I'm Just like You,https://i.scdn.co/image/ab67616d0000b27359f6bdfd10f8e62e0818bdf6,2019-09-27,12
Tegan-and-Sara,Hey I'm Just like You,https://i.scdn.co/image/ab67616d0000b273ba0729a6206b0f333aa17b39,2019-09-27,12
Tegan-and-Sara,Tegan and Sara Present the Con X: Covers,https://i.scdn.co/image/ab67616d0000b2731e61e42b7e73712400e418d4,2017-10-20,17
Tegan-and-Sara,Love You to Death,https://i.scdn.co/image/ab67616d0000b273b8008ff2ed8ee219986d0363,2016-06-03,10
Tegan-and-Sara,Heartthrob,https://i.scdn.co/image/ab67616d0000b273c84d064fdb5b317c8029c2c5,2013,10
Tegan-and-Sara,Get Along,https://i.scdn.co/image/ab67616d0000b273dd458dc9f6293f390bfa1e73,2011-11-11,15
Tegan-and-Sara,Sainthood,https://i.scdn.co/image/ab67616d0000b273862d9ae8d04d2650d22a062b,2009-10-23,15
Tegan-and-Sara,Sainthood,https://i.scdn.co/image/ab67616d0000b27304111aff1bee52ceecee9916,2009-10-23,14
Tegan-and-Sara,Sainthood,https://i.scdn.co/image/ab67616d0000b27322e66fc444d17b2e8ccd20c6,2009-10-23,13
Tegan-and-Sara,The Con,https://i.scdn.co/image/ab67616d0000b273377453abefeab743c5633fcc,2007-07-24,14
Tegan-and-Sara,The Con Demos,https://i.scdn.co/image/ab67616d0000b273e18ae8ef8833255fd1982554,2007-07-24,14
Tegan-and-Sara,So Jealous,https://i.scdn.co/image/ab67616d0000b273d424a2675b400a7d2dac48b9,2004-09-14,14
Tegan-and-Sara,If It Was You,https://i.scdn.co/image/ab67616d0000b27380250639216c316cc027edaa,2002-01-01,12
Tegan-and-Sara,If It Was You,https://i.scdn.co/image/ab67616d0000b273b301f57faf317484b308daa8,2002,12
Tegan-and-Sara,This Business Of Art,https://i.scdn.co/image/ab67616d0000b2735ac9ae830bdb64786b6718dd,2000-01-01,11
Tegan-and-Sara,This Business of Art,https://i.scdn.co/image/ab67616d0000b273807b19d747506c7bc8a274dc,2000,11
Tegan-and-Sara,Under Feet Like Ours,https://i.scdn.co/image/ab67616d0000b273f1f8b8db9f2f4f22ad773ece,1999-04-06,13
Tegan-and-Sara,F*****g Up What Matters,https://i.scdn.co/image/ab67616d0000b2736bb2032f511db416a7360a80,2022-04-28,1
Raphaella,Need U - Spotify Singles,https://i.scdn.co/image/ab67616d0000b27337565bb64d84d66b8924a88f,2022-04-29,1
Raphaella,Love Me or Lie,https://i.scdn.co/image/ab67616d0000b273d8fd39758de28afc274fba18,2022-03-18,1
Raphaella,Up All Night,https://i.scdn.co/image/ab67616d0000b273984da0f88b106484456ed7b7,2021-08-20,1
Raphaella,Running (Shorter Edit),https://i.scdn.co/image/ab67616d0000b2730898fb96b16bd9dba7e7225a,2021-04-23,1
Raphaella,Lies,https://i.scdn.co/image/ab67616d0000b273ed415757349f1eef90002079,2021-01-29,1
Raphaella,Lies,https://i.scdn.co/image/ab67616d0000b273569e76d4a48ec5b2cedf051e,2021-01-29,1
Raphaella,By Your Side,https://i.scdn.co/image/ab67616d0000b27370bef918a513d36c8370fb99,2020-09-11,1
Raphaella,Keep This Fire Burning,https://i.scdn.co/image/ab67616d0000b2737bc15d6333578d6765d8d8a2,2020-07-17,1
Raphaella,Keep This Fire Burning,https://i.scdn.co/image/ab67616d0000b27371289090ced9917ea770bedb,2020-07-17,1
Raphaella,Real,https://i.scdn.co/image/ab67616d0000b2734daf85711685a60288794a34,2020-05-01,4
Raphaella,Closure,https://i.scdn.co/image/ab67616d0000b27336cc53a71ce08e3acb5b63ed,2020-04-17,1
Raphaella,Hold On [UKF10],https://i.scdn.co/image/ab67616d0000b273feef55e784d39c7696610fa2,2019-11-29,1
Raphaella,Loving Myself (feat. Raphaella),https://i.scdn.co/image/ab67616d0000b27355e8b5378aa5cce02f5d60e8,2019-11-29,1
Raphaella,More (Club Mix),https://i.scdn.co/image/ab67616d0000b27398d8b7c778953df8120b1ebc,2019-09-03,2
Raphaella,More,https://i.scdn.co/image/ab67616d0000b27327857920610a766665702068,2019-08-19,1
Raphaella,I Don't Wanna,https://i.scdn.co/image/ab67616d0000b273db559ccc3c5df94a855e35b7,2019-07-26,2
Raphaella,I Lied,https://i.scdn.co/image/ab67616d0000b273f46e65c816ce3d1e9544f091,2019-07-19,1
Raphaella,Happy,https://i.scdn.co/image/ab67616d0000b2738f3db402f2c377726be6e13b,2019-05-31,1
Raphaella,Good Life,https://i.scdn.co/image/ab67616d0000b273f7b92d516b2ef07a6e85a478,2018-05-25,1
Raphaella,Imagine,https://i.scdn.co/image/ab67616d0000b2739a64840519ce185595d9eb28,2018-05-25,4
Giveon,When It's All Said And Done... Take Time,https://i.scdn.co/image/ab67616d0000b27395b3744a4e137e68051cf809,2021-03-12,13
Giveon,TAKE TIME,https://i.scdn.co/image/ab67616d0000b27318ff322fcdd47c9400872da6,2020-03-27,8
Giveon,TAKE TIME,https://i.scdn.co/image/ab67616d0000b27339223d372296b217741e86db,2020-03-27,8
Giveon,Lie Again,https://i.scdn.co/image/ab67616d0000b273a13cde8fb415782c310bea06,2022-04-29,1
Giveon,For Tonight,https://i.scdn.co/image/ab67616d0000b2739b93bd3173fd6d51ac4dcca2,2021-09-24,1
Giveon,When It's All Said And Done,https://i.scdn.co/image/ab67616d0000b273c1968cb5cd60558e0ca42b4b,2020-10-02,4
Giveon,When It's All Said And Done,https://i.scdn.co/image/ab67616d0000b273a572ad894dc0d486ed04913f,2020-10-01,4
Giveon,Stuck On You,https://i.scdn.co/image/ab67616d0000b273f04a956d274e0ac4f7842fe4,2020-09-30,1
Giveon,Spotify Singles,https://i.scdn.co/image/ab67616d0000b2730043fb835eab4610758979a3,2020-08-28,2
Giveon,Heartbreak Anniversary,https://i.scdn.co/image/ab67616d0000b273b0d2119e477ebbb543f19ed7,2020-02-21,1
Giveon,Like I Want You,https://i.scdn.co/image/ab67616d0000b273511f899c5dbf0ea2c951c8e0,2019-11-21,1
Giveon,Fields,https://i.scdn.co/image/ab67616d0000b27340f85a18e344fe7b240819af,2018-10-17,1
Giveon,Garden Kisses,https://i.scdn.co/image/ab67616d0000b27336e776cd48dad1d9d89fc943,2018-08-08,1
Giveon,Cabrio Hits 2022,https://i.scdn.co/image/ab67616d0000b2739d0936cce6fbd4b26a03995d,2022-05-05,48
Giveon,Favoritas De Verano Vol. 4,https://i.scdn.co/image/ab67616d0000b273a570d08afe3625e0424f4c99,2022-04-14,25
Giveon,What's Up Greatest Hits 2021-2022,https://i.scdn.co/image/ab67616d0000b273b16b4d7b79165855fc9a7155,2022-03-30,39
Giveon,NOW That's What I Call Music! Vol. 81,https://i.scdn.co/image/ab67616d0000b27352b740aa44414b7b21270f40,2022-01-28,21
Giveon,Fresh Finds Hits,https://i.scdn.co/image/ab67616d0000b273a1c88f054f78b2459f2a1722,2021-12-08,36
Giveon,旅行随身听,https://i.scdn.co/image/ab67616d0000b2730d323fd4ab8e7a722a403e3c,2021-11-09,19
Giveon,Justice (The Complete Edition),https://i.scdn.co/image/ab67616d0000b2730cad1d28e91209690bdfb907,2021-10-08,25
MAX,Colour Vision (Deluxe),https://i.scdn.co/image/ab67616d0000b2731f6686ee9fae9045be72bd11,2021-03-26,22
MAX,Colour Vision,https://i.scdn.co/image/ab67616d0000b2734422aac0b636fc07c0f860c8,2020-09-18,12
MAX,Neon From Now On,https://i.scdn.co/image/ab67616d0000b273fd5804dfae8ac51a3d0ff7bf,2020-05-15,8
MAX,Hell's Kitchen Angel (Japan Version),https://i.scdn.co/image/ab67616d0000b2733b4ede533ffa59623e5576e2,2018-07-25,14
MAX,Hell's Kitchen Angel,https://i.scdn.co/image/ab67616d0000b273cb681d4647786d21005ae986,2016-04-08,10
MAX,Hell's Kitchen Angel,https://i.scdn.co/image/ab67616d0000b273cefb1bcf9304bf454bae7f8d,2016-04-08,10
MAX,GUCCI BAG,https://i.scdn.co/image/ab67616d0000b2736e930f4ddbdaae6d33784e03,2022-04-29,1
MAX,Butterflies (feat. FLETCHER),https://i.scdn.co/image/ab67616d0000b273613b08b9ce64b382aabea954,2021-12-10,2
MAX,Butterflies (Stripped Version),https://i.scdn.co/image/ab67616d0000b273cb3b98b2da1467669bae6baa,2021-11-19,2
MAX,Equal in the Darkness,https://i.scdn.co/image/ab67616d0000b273eed3bfc7cde791787e1211c7,2021-10-21,2
MAX,Equal in the Darkness,https://i.scdn.co/image/ab67616d0000b273c9c0934e4e60662df02e4ccb,2021-10-21,2
MAX,Butterflies (Snakehips Remix),https://i.scdn.co/image/ab67616d0000b273b0c4994821186dff8eb20fea,2021-09-10,2
MAX,Butterflies (Party Pupils Remix),https://i.scdn.co/image/ab67616d0000b273e2b30c504b6bdcd75c183734,2021-08-27,2
MAX,Butterflies (Jean Tonique Remix),https://i.scdn.co/image/ab67616d0000b27308e51ddbef38ca61a5b4d9cb,2021-07-26,2
MAX,Butterflies,https://i.scdn.co/image/ab67616d0000b2731b7c878bdc17d023295df222,2021-06-25,1
MAX,Working For The Weekend (feat. eaJ) [Party Pupils Remix],https://i.scdn.co/image/ab67616d0000b273783757d09adfc5a326f1c617,2021-03-24,1
MAX,Love Me Less (feat. Quinn XCII) [Acoustic Version],https://i.scdn.co/image/ab67616d0000b2736ad8b4c44d2b0af3a6e323c8,2021-03-18,1
MAX,Blueberry Eyes (feat. Lil Mosey SUGA of BTS & Olivia O'Brien),https://i.scdn.co/image/ab67616d0000b27317c7a61796963bf6f004eb16,2021-01-22,2
MAX,Blueberry Eyes (feat. SUGA of BTS) [Steve Aoki Remix],https://i.scdn.co/image/ab67616d0000b273017cf73871f4771cf9dfbae2,2020-11-12,2
MAX,Set Me Free (feat. MAX),https://i.scdn.co/image/ab67616d0000b273d95eede0bbe928f4b48d2cc0,2020-11-06,1
Sam-Smith,Dear Evan Hansen (Original Motion Picture Soundtrack),https://i.scdn.co/image/ab67616d0000b273a7a9d81575b10a3bc8b69914,2021-09-24,16
Sam-Smith,Love Goes: Live at Abbey Road Studios,https://i.scdn.co/image/ab67616d0000b273a60f67e33275788fba545d8e,2021-03-19,12
Sam-Smith,Love Goes,https://i.scdn.co/image/ab67616d0000b2730d1f3930676c34a23dbf5c46,2020-10-30,17
Sam-Smith,Love Goes,https://i.scdn.co/image/ab67616d0000b2738d1974dc3ab1893678ae499a,2020-10-30,17
Sam-Smith,The Thrill Of It All (Special Edition),https://i.scdn.co/image/ab67616d0000b273005cd7d0ae87b081601f6cca,2017-11-03,14
Sam-Smith,The Thrill Of It All (Special Edition),https://i.scdn.co/image/ab67616d0000b273f3ea7140c4a8ba597d0b276b,2017-11-03,14
Sam-Smith,The Thrill Of It All (Special Edition),https://i.scdn.co/image/ab67616d0000b27308ab2ffa655b2053660096b0,2017-11-03,14
Sam-Smith,In The Lonely Hour (Drowning Shadows Edition),https://i.scdn.co/image/ab67616d0000b273de48dc987cf862da9139e443,2015-11-06,23
Sam-Smith,In The Lonely Hour,https://i.scdn.co/image/ab67616d0000b273b11bdc91cb9ac6b14f5c1dae,2014-05-26,10
Sam-Smith,In The Lonely Hour (Deluxe),https://i.scdn.co/image/ab67616d0000b273aeca5ce27cb0041319cbb734,2014-01-01,15
Sam-Smith,In The Lonely Hour (Japanese Edition),https://i.scdn.co/image/ab67616d0000b273899983dd29114e8b29fb051b,2014-01-01,20
Sam-Smith,Love Me More,https://i.scdn.co/image/ab67616d0000b273303e409a03204c2569eb7ba7,2022-04-28,1
Sam-Smith,You Will Be Found (with Summer Walker) [From The “Dear Evan Hansen” Original Motion Picture Soundtrack],https://i.scdn.co/image/ab67616d0000b273aadb0d02f35be5e8dd83e263,2021-09-17,1
Sam-Smith,The Lighthouse Keeper,https://i.scdn.co/image/ab67616d0000b2734e805619b7db9cea747a4908,2020-11-20,1
Sam-Smith,Diamonds (Acoustic),https://i.scdn.co/image/ab67616d0000b273339dbb81685ceb1889b2b65e,2020-10-09,1
Sam-Smith,Diamonds (Joel Corry Remix),https://i.scdn.co/image/ab67616d0000b2730e051a12b7eacca3feb3f5f2,2020-10-09,1
Sam-Smith,Diamonds,https://i.scdn.co/image/ab67616d0000b273f207514228c0a5db1ae3b116,2020-09-17,1
Sam-Smith,Temptation,https://i.scdn.co/image/ab67616d0000b273284da8688309cd92ec4a3283,2020-08-24,1
Sam-Smith,My Oasis (feat. Burna Boy),https://i.scdn.co/image/ab67616d0000b273daaa5a76699780480b232ad9,2020-07-30,1
Sam-Smith,Fix You (Live),https://i.scdn.co/image/ab67616d0000b273e5603837fd45184385bbd44d,2020-07-06,1
Chris-Janson,All In,https://i.scdn.co/image/ab67616d0000b2733be8a1c26993b308886ae4ed,2022-04-29,16
Chris-Janson,Real Friends,https://i.scdn.co/image/ab67616d0000b273138de28e1625fb8b4459df44,2019-10-18,14
Chris-Janson,EVERYBODY,https://i.scdn.co/image/ab67616d0000b2734b7603823a93d6e602012432,2017-09-22,12
Chris-Janson,Buy Me a Boat,https://i.scdn.co/image/ab67616d0000b273e8bf8a91d842322ba81fcb5b,2015-10-30,11
Chris-Janson,Things You Can't Live Without (with Travis Tritt),https://i.scdn.co/image/ab67616d0000b273e425c6a2fa7c90f4773f995d,2022-04-22,6
Chris-Janson,We Did It Anyway,https://i.scdn.co/image/ab67616d0000b273ac6ebbe8bb0309733dbbdad4,2022-04-08,5
Chris-Janson,Keys To The Country,https://i.scdn.co/image/ab67616d0000b2732b4800dbbdc392a7d38dd952,2022-03-10,4
Chris-Janson,Cold Beer Truth,https://i.scdn.co/image/ab67616d0000b2736478c86f172521057dbfde72,2022-02-10,3
Chris-Janson,All In,https://i.scdn.co/image/ab67616d0000b2738c802b135879e1f604fc933e,2022-01-21,2
Chris-Janson,Bye Mom,https://i.scdn.co/image/ab67616d0000b273cdd628c4e090407c1276af60,2021-08-20,1
Chris-Janson,Stripped Down Acoustics,https://i.scdn.co/image/ab67616d0000b273b4fe81d3ba0db43fdb961ed2,2021-06-25,4
Chris-Janson,Waitin' on 5 (Summer Jam Mix),https://i.scdn.co/image/ab67616d0000b273222bf85120a6c2ddb2a58764,2021-04-16,2
Chris-Janson,Done (Acoustic from the Acuff House),https://i.scdn.co/image/ab67616d0000b2738b7dc6b92b9d8e6309503366,2020-04-10,2
Chris-Janson,Run Run Rudolph (2019 CMA Country Christmas Performance),https://i.scdn.co/image/ab67616d0000b273f12109065af97c58fa0a443d,2019-12-03,1
Chris-Janson,Good Vibes,https://i.scdn.co/image/ab67616d0000b27348b02f8d28f7c39c4cbd2de8,2019-02-08,1
Chris-Janson,It Is Christmas,https://i.scdn.co/image/ab67616d0000b273d792396ed3c52e395481d3dd,2018-11-09,1
Chris-Janson,Drunk Girl (Live),https://i.scdn.co/image/ab67616d0000b273c5448e66d2722429edd1370b,2018-01-05,1
Chris-Janson,Outlaw Ways,https://i.scdn.co/image/ab67616d0000b273d318caf23bfac6e8c8bf961a,2015-07-24,1
Chris-Janson,Buy Me a Boat,https://i.scdn.co/image/ab67616d0000b27393f2e791a33a7aa487ba79e9,2015-04-23,1
Chris-Janson,Take It to the Bank (EP),https://i.scdn.co/image/ab67616d0000b273bb93d49b3a262342e7f16b17,2014-02-24,5
Arcade-Fire,WE,https://i.scdn.co/image/ab67616d0000b2737667e7eb07e22fcbc6997d67,2022-05-06,10
Arcade-Fire,Her (Original Score),https://i.scdn.co/image/ab67616d0000b273af23c77b4a5e51a1944f262d,2021-03-19,13
Arcade-Fire,Everything Now,https://i.scdn.co/image/ab67616d0000b273a36d123f9906888d0af2aed8,2017-07-28,13
Arcade-Fire,Reflektor (Deluxe),https://i.scdn.co/image/ab67616d0000b273cf3ae65c0ff5df273f8a1ad3,2015,19
Arcade-Fire,Reflektor,https://i.scdn.co/image/ab67616d0000b273678bfbaf23b8dfa454017b0b,2013,13
Arcade-Fire,The Suburbs,https://i.scdn.co/image/ab67616d0000b273532391d63cfd6d32677f7af6,2010-08-02,16
Arcade-Fire,The Suburbs (Deluxe),https://i.scdn.co/image/ab67616d0000b2731d6b4b0418200b6324734062,2010-07-01,18
Arcade-Fire,The Suburbs,https://i.scdn.co/image/ab67616d0000b273ce9097d719ec72da26e07864,2010-01-01,16
Arcade-Fire,Neon Bible,https://i.scdn.co/image/ab67616d0000b2739e0e42aa866e5fa167b19608,2007,11
Arcade-Fire,Funeral,https://i.scdn.co/image/ab67616d0000b2737870762a58313ad6f981d664,2004-06-16,10
Arcade-Fire,Unconditional I (Lookout Kid),https://i.scdn.co/image/ab67616d0000b273a1e7a65e44610479ab3b0452,2022-04-27,3
Arcade-Fire,The Lightning I II,https://i.scdn.co/image/ab67616d0000b2738b1ad75b4d1b3171f3945d45,2022-03-17,2
Arcade-Fire,Song on the Beach,https://i.scdn.co/image/ab67616d0000b2739ee9e7d7391bef6297cd9448,2021-02-12,1
Arcade-Fire,Baby Mine (From "Dumbo"),https://i.scdn.co/image/ab67616d0000b27390feebe91781b49bccf8a03d,2019-03-15,1
Arcade-Fire,Baby Mine (From "Dumbo"),https://i.scdn.co/image/ab67616d0000b273008339ec7e78c0b387360584,2019-03-11,1
Arcade-Fire,Peter Pan (feat. Bobby Blackbird) [Equiknoxx Remix],https://i.scdn.co/image/ab67616d0000b2737c75535400bf38c4730caa7c,2018-09-20,1
Arcade-Fire,Put Your Money on Me (Steve Mackey Remix),https://i.scdn.co/image/ab67616d0000b273945b7bb7276f74d354d48e1a,2018-07-06,1
Arcade-Fire,Put Your Money on Me,https://i.scdn.co/image/ab67616d0000b27381cbdd2050b0c52f3918369e,2018-03-16,1
Arcade-Fire,Everything Now (Todo Ya) - Remix por Bomba Estéreo,https://i.scdn.co/image/ab67616d0000b2731e084f7e4a68a20d1523c6ad,2017-12-15,1
Arcade-Fire,Spotify Singles,https://i.scdn.co/image/ab67616d0000b2736f47f6c4b15521d2b2c33368,2017-09-20,2
Khalid,Scenic Drive (The Tape),https://i.scdn.co/image/ab67616d0000b273b6866de8f1c7a1a1559ef5a8,2021-12-03,9
Khalid,Scenic Drive (The Tape),https://i.scdn.co/image/ab67616d0000b2736217f9756018189b883568cd,2021-12-03,9
Khalid,Free Spirit,https://i.scdn.co/image/ab67616d0000b273b361ce46dbadbf8a11081b60,2019-04-05,17
Khalid,Suncity,https://i.scdn.co/image/ab67616d0000b273c43edd2cf01edf73bf0b97a3,2018-10-19,7
Khalid,Suncity,https://i.scdn.co/image/ab67616d0000b27360624c0781fd787c9aa4699c,2018-10-18,7
Khalid,American Teen (Japan Version),https://i.scdn.co/image/ab67616d0000b27372bb3efa7a3544b979ac1c60,2018-01-24,16
Khalid,American Teen,https://i.scdn.co/image/ab67616d0000b273988ede5e1276e758b5f9e577,2017-04-27,15
Khalid,Skyline,https://i.scdn.co/image/ab67616d0000b273b25a6f8bac702391f3e59129,2022-04-28,1
Khalid,Last Call,https://i.scdn.co/image/ab67616d0000b273a58ea8506e1b257cfad72aba,2022-03-03,1
Khalid,Come For Me (Unlocked) (feat. Khalid & Lucky Daye),https://i.scdn.co/image/ab67616d0000b27364844d96305b9d60aedd68ab,2021-12-05,1
Khalid,Fall in Love at Christmas (Remixes),https://i.scdn.co/image/ab67616d0000b2732ad55e5db460710b6465ec89,2021-12-03,3
Khalid,Retrograde (feat. 6LACK & Lucky Daye),https://i.scdn.co/image/ab67616d0000b273c934962b1ae808e4d72fb444,2021-12-02,1
Khalid,Scenic Drive (feat. Ari Lennox & Smino),https://i.scdn.co/image/ab67616d0000b273f8700a94311f34580b7afe38,2021-12-02,1
Khalid,All I Feel Is Rain (feat. JID),https://i.scdn.co/image/ab67616d0000b2739bafb8826934db17f473966c,2021-12-02,1
Khalid,Open (feat. Majid Jordan),https://i.scdn.co/image/ab67616d0000b2733c4daf2eadc2b741e6464eb2,2021-12-02,1
Khalid,Fall in Love at Christmas,https://i.scdn.co/image/ab67616d0000b273cabe3525aadec971ad846505,2021-11-05,3
Khalid,Present,https://i.scdn.co/image/ab67616d0000b273836db2f8371727a6da92977f,2021-10-22,1
Khalid,New Normal,https://i.scdn.co/image/ab67616d0000b27388d4fc6c2c4d6dbdf64bb9e2,2021-07-21,1
Khalid,working,https://i.scdn.co/image/ab67616d0000b273e9d11eb596a7a7e426d81635,2021-06-17,1
Khalid,Otra Noche Sin Ti,https://i.scdn.co/image/ab67616d0000b2730be3514a5b184c135a27d7f1,2021-04-09,1
Kellin-Quinn,how could you do this to me? feat. Kellin Quinn from Sleeping With Sirens,https://i.scdn.co/image/ab67616d0000b2739950140076661a3c703d371b,2022-04-29,2
Kellin-Quinn,how could you do this to me? feat. Kellin Quinn from Sleeping With Sirens,https://i.scdn.co/image/ab67616d0000b27354462902ed6a9be6a78eb014,2022-04-29,2
Kellin-Quinn,Make This Better,https://i.scdn.co/image/ab67616d0000b273e573a103be1f55a637d19dbb,2022-04-29,1
Kellin-Quinn,Set This Place On Fire (with Kellin Quinn),https://i.scdn.co/image/ab67616d0000b273de0b1dd3a4db097a88cee4ac,2022-04-08,1
Kellin-Quinn,Mark Hoppus,https://i.scdn.co/image/ab67616d0000b273593fd74fdd2c1c59a1d0b11f,2022-03-25,1
Kellin-Quinn,Song of Saya,https://i.scdn.co/image/ab67616d0000b27322db8e8a989d4dec557846af,2022-03-21,1
Kellin-Quinn,MESS (with Kellin Quinn of Sleeping With Sirens),https://i.scdn.co/image/ab67616d0000b2731f1c3bd7f04475e8291292dd,2022-02-25,1
Kellin-Quinn,Gorgeous Disaster (with Kellin Quinn),https://i.scdn.co/image/ab67616d0000b27351a127b68becc88f31d96562,2022-02-18,1
Kellin-Quinn,Suburban Dysfunction,https://i.scdn.co/image/ab67616d0000b27323d6fbfb962a736d292eec45,2022-01-21,1
Kellin-Quinn,Seasons,https://i.scdn.co/image/ab67616d0000b2733fc59a40051e890075d3e7ff,2021-10-01,1
Kellin-Quinn,Overdramatic,https://i.scdn.co/image/ab67616d0000b2738a5d6d93fe36b27b9dd92f5b,2021-09-16,1
Kellin-Quinn,Seasons,https://i.scdn.co/image/ab67616d0000b2730d4718a026c50430c56fed3a,2021-09-03,1
Kellin-Quinn,Love You Like I Used To,https://i.scdn.co/image/ab67616d0000b2732df490d8499e9ba04f861c3a,2021-08-27,1
Kellin-Quinn,Messy (Messy x Kellin Quinn),https://i.scdn.co/image/ab67616d0000b2737c179c6518b129020da8613a,2021-07-16,1
Kellin-Quinn,Someone Else (Reimagined),https://i.scdn.co/image/ab67616d0000b27344ceea39e2755a776c920d40,2021-07-15,1
Kellin-Quinn,1 Thing (feat. Kellin Quinn),https://i.scdn.co/image/ab67616d0000b273209c1b9c21470a073450e334,2021-07-09,1
Kellin-Quinn,Your Confession,https://i.scdn.co/image/ab67616d0000b273fb7915ce080752e0bd8ed91a,2021-06-11,1
Kellin-Quinn,No Fear,https://i.scdn.co/image/ab67616d0000b2734a012d1716726396b6318801,2021-05-28,1
Kellin-Quinn,No Fear,https://i.scdn.co/image/ab67616d0000b273edfae3ddbbae1eae76c3c3a4,2021-05-28,1
Kellin-Quinn,love race (feat. Kellin Quinn),https://i.scdn.co/image/ab67616d0000b2731568ddeeb672c8229f342e26,2021-04-29,1
Willie-Nelson,A Beautiful Time,https://i.scdn.co/image/ab67616d0000b273b7d26e723f09f17313e24c27,2022-04-29,14
Willie-Nelson,Way Up High (Live 1981),https://i.scdn.co/image/ab67616d0000b273c990b1cb4db9cfc44654cd78,2022-03-16,21
Willie-Nelson,The Willie Nelson Family,https://i.scdn.co/image/ab67616d0000b273191a5fc4d442951fba5db98a,2021-11-19,12
Willie-Nelson,Texas Willie,https://i.scdn.co/image/ab67616d0000b273c89f3915a54f432e0000a36e,2021-05-14,40
Willie-Nelson,Highway Call (Live '79),https://i.scdn.co/image/ab67616d0000b273ceb0bfecebdf92d0f7217a1f,2021-04-17,39
Willie-Nelson,That's Life,https://i.scdn.co/image/ab67616d0000b2735af555c72012315127a36d71,2021-02-26,11
Willie-Nelson,First Rose of Spring,https://i.scdn.co/image/ab67616d0000b2734c4d8e208d7c83b829006e10,2020-07-03,11
Willie-Nelson,Ride Me Back Home,https://i.scdn.co/image/ab67616d0000b273cca860b64207f7684ad5a2c1,2019-06-21,11
Willie-Nelson,My Way,https://i.scdn.co/image/ab67616d0000b273347b4ad215436cf7410e4ba3,2018-09-14,11
Willie-Nelson,Last Man Standing,https://i.scdn.co/image/ab67616d0000b273dc6bd08ae700af3982d0b603,2018-04-27,11
Willie-Nelson,Willie and the Boys: Willie's Stash Vol. 2,https://i.scdn.co/image/ab67616d0000b27314026db0402ffc822b344554,2017-10-20,12
Willie-Nelson,God's Problem Child,https://i.scdn.co/image/ab67616d0000b273f4533a9b4574924db1ab39e6,2017-04-28,13
Willie-Nelson,For the Good Times: A Tribute to Ray Price,https://i.scdn.co/image/ab67616d0000b273fa7b4fca10ac8dad2bba5ea3,2016-09-16,12
Willie-Nelson,Willie Nelson: The Demos Project Vol. One,https://i.scdn.co/image/ab67616d0000b273b5bb55775aaceeb5922d65dc,2016-09-16,14
Willie-Nelson,Willie Nelson: The Demos Project Vol. Two,https://i.scdn.co/image/ab67616d0000b273a78656561ee3d001f2bf841d,2016-09-16,14
Willie-Nelson,Summertime: Willie Nelson Sings Gershwin,https://i.scdn.co/image/ab67616d0000b273f35cca148ab67943e9c622a8,2016-02-26,11
Willie-Nelson,The Essential Willie Nelson,https://i.scdn.co/image/ab67616d0000b273cd06c30fffa0c176b7fe0065,2015-10-16,45
Willie-Nelson,Django and Jimmie,https://i.scdn.co/image/ab67616d0000b273c1afd1cc710a7a7f74ac8fbd,2015-05-29,14
Willie-Nelson,December Day: Willie's Stash Vol.1,https://i.scdn.co/image/ab67616d0000b2736fe326054126005e1eaf0d2d,2014-11-28,18
Willie-Nelson,Band of Brothers,https://i.scdn.co/image/ab67616d0000b273e2760224140d9ea786a5d318,2014-06-13,14
Rammstein,Zeit,https://i.scdn.co/image/ab67616d0000b2731108fef87966d83948b6a037,2022-04-29,11
Rammstein,Rammstein,https://i.scdn.co/image/ab67616d0000b27302add2c77fb6999e311a3248,2019-05-17,11
Rammstein,Paris (Live),https://i.scdn.co/image/ab67616d0000b273f66344e1b4e100fdd311b268,2017-05-19,22
Rammstein,Paris (Live),https://i.scdn.co/image/ab67616d0000b27341037c24d49908b70e4ae856,2017-05-19,22
Rammstein,XXI - Klavier,https://i.scdn.co/image/ab67616d0000b27307102c04845ae50616643c8e,2015-11-11,13
Rammstein,Liebe ist für alle da,https://i.scdn.co/image/ab67616d0000b273f35b533187d748e0e6f71f09,2009-10-16,16
Rammstein,Liebe ist für alle da (Special Edition),https://i.scdn.co/image/ab67616d0000b273952d246fd1eac33a1a2c2603,2009-10-16,16
Rammstein,Rosenrot,https://i.scdn.co/image/ab67616d0000b273f57450066e72260794540c5d,2005-10-27,11
Rammstein,Rosenrot,https://i.scdn.co/image/ab67616d0000b2734ea617c398a01a5228069744,2005-10-27,11
Rammstein,Reise Reise,https://i.scdn.co/image/ab67616d0000b273136f94926d47c4986e50c877,2004-09-27,11
Rammstein,Reise Reise,https://i.scdn.co/image/ab67616d0000b273cbe7573e1175f842e24b34c2,2004-09-27,11
Rammstein,Mutter,https://i.scdn.co/image/ab67616d0000b27325d8b7c6feee0c8d6593d606,2001-04-02,11
Rammstein,Mutter,https://i.scdn.co/image/ab67616d0000b2738b2c42026277efc3e058855b,2001-04-02,11
Rammstein,Live aus Berlin,https://i.scdn.co/image/ab67616d0000b27335001a591bcdfa8c3a12e566,1999-08-31,15
Rammstein,Live aus Berlin,https://i.scdn.co/image/ab67616d0000b273fc875da1fb03c233d7e5d8c5,1999-08-31,15
Rammstein,Sehnsucht,https://i.scdn.co/image/ab67616d0000b27397ea8cd106d06260c2c76cd6,1997-08-25,11
Rammstein,Sehnsucht,https://i.scdn.co/image/ab67616d0000b273a715d32590424cd667879ba3,1997-08-25,11
Rammstein,Herzeleid (XXV Anniversary Edition – Remastered),https://i.scdn.co/image/ab67616d0000b273dcdfc25819de77e79c2edf49,1995-09-24,11
Rammstein,Zick Zack,https://i.scdn.co/image/ab67616d0000b273d6e04629d6b5a6de13c5c5e8,2022-04-07,3
Rammstein,Zick Zack (RMX by Boys Noize),https://i.scdn.co/image/ab67616d0000b2736bc34f411ec0553cc3fef557,2022-04-07,2
Jayda-G,DJ-Kicks: Jayda G,https://i.scdn.co/image/ab67616d0000b273b90b2ea5316b6d70a3b6dd42,2021-05-14,26
Jayda-G,Significant Changes,https://i.scdn.co/image/ab67616d0000b273c2e8fca7f88b1ce9e2cacc1a,2019-03-22,12
Jayda-G,Significant Changes,https://i.scdn.co/image/ab67616d0000b27352136dbd5ff9758d7d17d213,2019-03-22,9
Jayda-G,Mine O' Mine,https://i.scdn.co/image/ab67616d0000b273b186b824887145fb697755b6,2022-04-26,1
Jayda-G,Mine O' Mine,https://i.scdn.co/image/ab67616d0000b2733ca21e8f2029b77b849398c2,2022-04-26,1
Jayda-G,All I Need (DJ-Kicks),https://i.scdn.co/image/ab67616d0000b27308faaf1f588fd4f60759968a,2021-04-09,2
Jayda-G,Black Rain (Jayda G Remix),https://i.scdn.co/image/ab67616d0000b273160ebb60fa7710ad7ff89b51,2021-03-10,2
Jayda-G,Both Of Us / Are U Down,https://i.scdn.co/image/ab67616d0000b273b286039bfc28a4f636d3d296,2020-11-02,6
Jayda-G,Cool (Jayda G Remix),https://i.scdn.co/image/ab67616d0000b273e06f5a6883eca1371b6ea272,2020-09-11,1
Jayda-G,Both Of Us / Are U Down,https://i.scdn.co/image/ab67616d0000b2736aaa59fbbd649e44f853e765,2020-07-03,5
Jayda-G,Both Of Us (Jayda G Sunset Bliss Mix),https://i.scdn.co/image/ab67616d0000b2733b3b06d5078a37636e99b9f6,2020-06-05,3
Jayda-G,Both Of Us,https://i.scdn.co/image/ab67616d0000b273158ced5d410610389e5ba8fe,2020-05-26,2
Jayda-G,Significant Changes (Remixes),https://i.scdn.co/image/ab67616d0000b273752e5fccc9c6ae48df7e734c,2019-07-19,4
Jayda-G,Significant Changes (Remixes),https://i.scdn.co/image/ab67616d0000b273b8308c97419cdd0b20f0d3e0,2019-07-19,4
Jayda-G,Stanley’s Get Down (No Parking on the DF) [Honey Dijon Remix],https://i.scdn.co/image/ab67616d0000b273e93a2e8df8464b51a081268a,2019-06-25,1
Jayda-G,Stanley’s Get Down (No Parking on the DF) (Honey Dijon Remix),https://i.scdn.co/image/ab67616d0000b2738adf8784182d409e9fdeba4f,2019-06-25,1
Jayda-G,Move to the Front (Disco Mix),https://i.scdn.co/image/ab67616d0000b2730a1dfed770954686c2a764cc,2019-03-05,3
Jayda-G,Move to the Front (Disco Mix),https://i.scdn.co/image/ab67616d0000b2737c196c74fe6ca3c33b461758,2019-03-05,3
Jayda-G,Move to the Front (Disco Mix),https://i.scdn.co/image/ab67616d0000b2739efde22fd8a9e23d0b2ab9b0,2019-03-05,1
Jayda-G,Leave Room 2 Breathe,https://i.scdn.co/image/ab67616d0000b273f3d1fa3464ef4ea37fa6e4ab,2019-01-22,2
Victor-Manuelle,Lado A Lado B,https://i.scdn.co/image/ab67616d0000b273292233236b403057e168194a,2022-04-29,17
Victor-Manuelle,Memorias de Navidad,https://i.scdn.co/image/ab67616d0000b273c22770e9926a1052a74f4445,2019-10-25,12
Victor-Manuelle,25/7,https://i.scdn.co/image/ab67616d0000b273decd568bf69b01d3cae98093,2018-03-23,9
Victor-Manuelle,Sonero de la Juventud... Salsero Original,https://i.scdn.co/image/ab67616d0000b27391101d8ad01d0e90f4047a50,2016-08-12,16
Victor-Manuelle,Que Suenen los Tambores,https://i.scdn.co/image/ab67616d0000b273a9096b64baa9c7cc2026f6bd,2015-04-21,13
Victor-Manuelle,Leyendas: Salsa Romántica,https://i.scdn.co/image/ab67616d0000b273c0ad92f265247300b4298c32,2014-11-04,18
Victor-Manuelle,Sólo para Mujeres,https://i.scdn.co/image/ab67616d0000b2739fa924bd173fc531f0fde1cb,2014-08-05,17
Victor-Manuelle,Me Llamaré Tuyo (Bonus Tracks Version),https://i.scdn.co/image/ab67616d0000b2733c2951b038f477f068ed0fb8,2013-08-26,13
Victor-Manuelle,Me Llamaré Tuyo,https://i.scdn.co/image/ab67616d0000b27331a6e424447b8981bbc4e097,2013-06-24,10
Victor-Manuelle,Busco Un Pueblo (Deluxe Edition),https://i.scdn.co/image/ab67616d0000b27385c17e85f992238ee88c4102,2012-01-23,15
Victor-Manuelle,Me Llamaré Tuyo Reloaded,https://i.scdn.co/image/ab67616d0000b2737a2f180228ff232739fd5918,2012,17
Victor-Manuelle,Mis Favoritas,https://i.scdn.co/image/ab67616d0000b273fa5db32ddd1e55839ef35623,2010-06-08,14
Victor-Manuelle,Yo Mismo,https://i.scdn.co/image/ab67616d0000b27395a07f3e8c9f824dfc6e0357,2010-03-24,13
Victor-Manuelle,Navidad a Mi Estilo,https://i.scdn.co/image/ab67616d0000b27385f2cc82b18e4a01a617b3fe,2010,10
Victor-Manuelle,Yo Mismo,https://i.scdn.co/image/ab67616d0000b2734a12fc217282fffd20cec657,2009-11-10,13
Victor-Manuelle,Yo Mismo,https://i.scdn.co/image/ab67616d0000b273a55a0e5ce7dfb2062cda230b,2009-11-09,15
Victor-Manuelle,Muy Personal,https://i.scdn.co/image/ab67616d0000b273961851ca1056c5941360a3d7,2009-05-05,17
Victor-Manuelle,Muy Personal,https://i.scdn.co/image/ab67616d0000b2735d2098778f5a9dcc1b62fd80,2009-05-04,17
Victor-Manuelle,Historia De Un Sonero,https://i.scdn.co/image/ab67616d0000b273c7046bdfcbe0a81b5347e633,2008-07-21,16
Victor-Manuelle,Soy,https://i.scdn.co/image/ab67616d0000b27376576d4c43653d8a51cad87c,2008-06-24,11
